,CATID,RA,DEC,logMstar,logSEDSFR,O_H_R_RE,log_AGE_RE_lw_ppxf,MET_RE_lw_ppxf,log_AGE_RE_mw_ppxf,MET_RE_mw_ppxf,Zgas
0,9008500107,10.362867,-9.228466000000001,10.237,0.253,8.695227912158865,9.175889791234388,-0.056127246919646934,9.993565835457208,0.07608071376973015,-0.09280173558731164
1,9008500268,10.520939,-9.534439,10.909,0.386,8.631309863364818,9.43160646419749,-0.17445656167114112,9.994935150848839,-0.028585469282245767,-0.18738766419274278
2,9008500535,10.672873,-8.946911,10.568,0.36,8.691317846028083,9.522403683089884,-0.3330768440223531,9.999567640190874,-0.3555291802463449,-0.09858785144764326
3,9008500673,10.798356,-9.637791,11.027000000000001,0.512,8.71948936794895,9.387374856928872,-0.14835506700727655,9.99449965500759,-0.0042172344725610105,-0.05689963330914338
4,9008500907,10.877064,-9.733155,10.193999999999999,0.163,8.603745851128835,9.313481996265743,-0.3794599592726671,9.992828213533627,-0.4778978581467381,-0.22817688949955084
5,9008500646,10.90129,-9.429965,10.603,0.84,8.724997378305348,8.908846476676256,-0.2878564195261579,9.980497510712777,-0.3361919961306621,-0.048748879583746074
6,9008500717,10.911512,-9.522432,9.673,0.141,8.385758429365454,8.903409219234739,-0.8658128296227203,9.992279561776627,-1.2729958485575346,-0.5507546762250008
7,9008501016,11.07668,-9.048554,10.677,-0.13699999999999998,8.71765086671925,9.54451402432099,-0.18014746322819372,9.993697653949267,-0.08925392158797876,-0.05962024742885497
8,9011900807,13.496322,-1.2682679,10.970999999999998,0.33799999999999997,8.755371756957189,9.525115295913055,-0.07022633345232153,9.996449659303682,0.023636452646372503,-0.003800874054752157
9,9011900519,13.674997,-1.123537,10.832,0.354,8.64262812076497,9.60046388401951,-0.24801904133041525,9.99986916262386,-0.16393945972044058,-0.17063890689199823
10,9011900511,13.915401000000001,-0.8766538,9.812000000000001,0.172,8.385362076471324,9.033217958300735,-0.7442952655905308,9.993234231445518,-0.8591574869577103,-0.5513411992377346
11,9011900859,14.189956,-0.67542374,10.267999999999999,0.401,8.702115841096564,9.090819750576369,-0.28227177659883873,9.991261047902732,-0.21685079557608386,-0.08260897834530567
12,9011900166,14.237105999999999,-1.2118506000000002,10.807,1.046,8.67798169546359,9.107267527871493,-0.2560482116372795,9.994072301779847,-0.2949554106022884,-0.11832268705298077
13,9011900521,14.465442000000001,-1.1360116000000002,10.917,0.623,8.75877161936707,9.656105419713636,-0.14810430011364878,10.000526237692895,-0.059235670457413674,0.0012302423393908413
14,9016800343,18.443022,0.3057323,11.040999999999999,0.637,8.75067325951093,9.473392571842878,-0.05895386661930516,9.994757864140254,0.047119856906694194,-0.010753710575727382
15,9016800245,18.481087,0.4119481,10.158999999999999,-0.157,8.592079036685224,9.358487339995056,-0.6084562337780179,9.996057623542523,-0.7979436479445807,-0.24544144151320602
16,9016800425,18.565792000000002,0.7653380999999999,10.968,0.716,8.646665602892872,9.24448149244644,-0.2797101414336413,9.993958073935119,-0.23073333005068344,-0.16466424083912834
17,9016800109,18.607020000000002,0.5360888,10.642999999999999,0.41,8.583988496213559,9.216638753156817,-0.2343495654352799,9.992684042087154,-0.1988089209728724,-0.2574138233031764
18,9016800093,18.682758,0.28602982,10.700999999999999,0.265,8.750967905443662,9.495920573464279,-0.22840540753151695,9.998925468332805,-0.20073037198449006,-0.010317693524468652
19,9016800318,18.734438,0.13068582,10.897,0.7340000000000001,8.703988540217178,9.369942025129637,-0.07423864362215539,9.996839644606533,0.05044820554218617,-0.07983775818662053
20,9016800131,18.747301,0.6184182,9.824,-0.547,8.72016984806572,9.243442977778237,-0.2769230481003881,9.988245132868492,-0.4093952212647738,-0.05589265883234873
21,9016800167,18.784264,0.22709061,10.53,0.264,8.725114001447603,9.170180249404591,-0.2816459842996738,9.994717368559664,-0.2530815841665196,-0.0485763006578388
22,9016800110,18.786627,0.26581296,10.519,0.42100000000000004,8.712099143956364,9.26455259498134,-0.18685534159036687,9.992046595627418,-0.09721729121131796,-0.0678356867733747
23,9016800065,18.837582,0.34295675,10.04,-0.303,8.621562780629926,9.397594171984824,-0.4100361571799322,9.993488985026653,-0.45522712118485203,-0.20181139722383712
24,9016800234,18.860884,0.20531129999999997,9.949,0.10800000000000001,8.633123527354535,8.972416727078723,-0.27686209671849177,9.983322403039551,-0.3825191025333208,-0.18470380422076005
25,9016800092,18.870201,0.51485306,10.228,0.163,8.62541208475461,9.278287745676463,-0.3147689167840389,9.991898755174974,-0.3250863307377679,-0.1961151969801307
26,9016800185,18.936312,0.33240432,10.280999999999999,0.149,8.599598535677814,9.315158162889027,-0.30479964028315604,9.99732489341083,-0.2325129763682461,-0.23431408690397326
27,9016800287,18.949807999999997,0.24104548,10.47,0.29600000000000004,8.61585658640739,9.187366088049775,-0.2288931997691086,9.987956404637119,-0.16570433598126794,-0.21025542343434545
28,208589,129.63253999999998,0.012418,10.898,0.67,8.787904207229287,9.378452241498877,-0.4904206953042689,9.991991894489884,-0.4254609786823712,0.044340645857898764
29,422286,130.14868,2.477044,10.549000000000001,-0.701,8.71008805328036,9.386745447904504,-0.2076627897337795,9.986288912204216,-0.06845082710141001,-0.07081169875572435
30,422289,130.27728000000002,2.576684,9.656,-0.614,8.582739199521479,9.402453296587122,-0.434504944363446,9.99459207975777,-0.5529281593244555,-0.25926253254811726
31,417392,130.39307,2.188847,9.015,-0.632,8.298111400639684,9.21787801381699,-0.9992239484403532,9.99296280133685,-0.7577991120187897,-0.6804547493333963
32,422359,130.55487,2.624612,10.172,0.125,8.661335772156281,9.196895191919953,-0.262847432439201,9.997249851252844,-0.12887900787213688,-0.14295532436313607
33,422366,130.5956,2.497329,9.756,-0.337,8.407099734034611,9.278036671556695,-0.7160805434383795,9.993821806250262,-0.8915632659405087,-0.5191738135755823
34,573915,130.61363,-0.14516700000000002,10.842,0.361,8.626080381133804,9.437136345877471,-0.34238152895629204,9.996914921803363,-0.3310623137392225,-0.19512625199819844
35,517070,130.6424,2.4277740000000003,10.275,0.02,8.539085255382407,9.391924866696,-0.5072353019676862,9.998072935751017,-0.6659669126764114,-0.32386163908511456
36,202673,130.65276,-0.230971,10.720999999999998,0.16399999999999998,8.656961155479399,9.525752587400737,-0.18377009700945668,9.998375795117935,-0.14842436770067213,-0.14942888212158678
37,521736,130.67893999999998,2.873194,10.01,0.65,8.533810694520906,8.532230932555988,-0.7551330922327238,9.981741386213326,-0.7846332822027943,-0.33166693424796456
38,323194,130.8163,1.4840950000000002,8.535,-1.4140000000000001,8.152966979785145,9.166897924430463,-1.015776159012204,9.981315004503776,-1.1625826376177095,-0.8232305150341226
39,521753,130.8583,2.90583,9.969,-0.065,8.62152161200215,9.165915342085423,-0.4819263739061608,9.989602560820565,-0.7305689481862672,-0.20187231855921972
40,323224,130.98705,1.584293,8.463,-1.104,8.110318676704235,9.02881049331472,-0.9665022303203984,9.966518409078645,-1.0164470624527149,-0.8661304431032093
41,323242,131.00308,1.671328,9.626,-0.083,8.463322497425281,9.051956435968993,-0.6998456972705863,9.99191121967936,-0.9981851653919084,-0.43597536831006956
42,574008,131.02733999999998,-0.103498,10.306,0.457,8.504384208360637,8.930238485423402,-0.4322855562292465,9.982902579437306,-0.6092604263448588,-0.3752122484679301
43,521768,131.07263,2.881174,10.353,0.040999999999999995,8.628354063200558,-999.0,-999.0,-999.0,-999.0,-0.19176165727581562
44,345754,131.11856,2.063963,10.323,0.511,8.760570667124684,9.32632965596993,-0.4514289957468932,9.990267503522132,-0.4591683321869214,0.0038924732111063065
45,517167,131.16138,2.4109849999999997,9.36,-0.467,8.402413712358639,8.998629136771399,-0.7338087409405775,9.991022678055591,-0.6999937594972672,-0.5261081884516869
46,517164,131.24678,2.4763479999999998,10.517999999999999,-0.405,8.698797746985527,9.79968988628667,-0.3528405912631417,10.001894225567488,-0.2854088201357934,-0.08751909401081903
47,323329,131.40646,1.606641,10.450999999999999,-0.113,8.73516444475189,9.580224804141746,-0.15230655696063855,9.99611016273298,-0.006162968268560572,-0.033703654656154214
48,517256,131.4271,2.356084,9.242,-0.66,8.311581802283872,-999.0,-999.0,-999.0,-999.0,-0.6605212489803272
49,517244,131.46056000000002,2.509814,10.489,0.725,8.686041944849174,8.908546206740239,-0.2170831418706111,9.96013611997487,-0.02615357684094889,-0.10639513001219214
50,517247,131.51097,2.53367,10.22,-0.46,8.67447041705179,9.437588375140763,-0.5683918890879083,9.98377008642601,-0.6471604768221988,-0.12351867684676243
51,517273,131.66885,2.4080209999999997,9.09,-0.523,8.411145156571104,8.831494199750994,-0.985976754359228,9.965410911497393,-1.1640017415256163,-0.5131873973060816
52,517306,131.71344,2.569705,9.351,-0.39399999999999996,8.386171647048629,9.009888961133976,-0.8970793473254498,9.993884834965536,-1.2747628166369698,-0.550143196697439
53,517302,131.72621,2.5600709999999998,10.22,-0.068,8.687421172524182,9.396711244343118,-0.2600747413565066,9.984222406152016,-0.2802080835175109,-0.1043541488987163
54,386366,131.73625,2.244868,10.612,0.013000000000000001,8.7014197956645,9.562545206322136,-0.11576101217901832,9.99587009123748,-0.02301114008142876,-0.08363898637567502
55,381225,131.78763999999998,1.853432,10.263,0.121,8.647658599969278,9.262886373682484,-0.4589948352432701,9.993757424463203,-0.4880366949511446,-0.1631948037654638
56,386402,131.98516999999998,2.191233,10.622,0.37799999999999995,8.629163779931817,9.345114409844976,-0.17981907512498738,9.993096432623894,-0.05051693695130885,-0.19056343845689838
57,209181,132.1252,0.170875,10.345,0.706,8.578259400530879,9.159879348661226,-0.5107872514539148,9.996083046983355,-0.5526530044079996,-0.2658917390944069
58,278548,132.30576000000002,0.851876,10.299000000000001,0.016,8.608396155992857,9.35335770350491,-0.6171363120857183,9.997063825140724,-0.7048696217140389,-0.22129536836177088
59,536625,132.38664,-0.083603,10.321,-0.23600000000000002,8.665077782787696,9.284034355640316,-0.15312799597501475,9.98368122763292,-0.1900409136000943,-0.1374178970307689
60,622305,132.55159,0.65683,10.815999999999999,-0.066,8.731299235639312,9.746306560781669,-0.2282315757867839,10.001442125898443,-0.10306297869577767,-0.0394233911009465
61,371750,132.613,1.044115,9.219,-0.496,8.247259969313179,-999.0,-999.0,-999.0,-999.0,-0.7283811968678737
62,599761,132.63206,0.31906799999999996,11.162,0.156,8.696749480843108,9.733814630596482,-0.06489139325817918,9.999871559269812,0.03818489259244945,-0.09055011824836967
63,301201,132.72041000000002,1.250107,10.478,-0.303,8.736592924364096,-999.0,-999.0,-999.0,-999.0,-0.031589790526011186
64,371789,132.80362,1.0619,9.94,-0.09699999999999999,8.779642739891846,9.312526897806062,-0.6442116069011232,9.988022938734463,-0.5037231910102639,0.0321153264919527
65,599877,132.90223999999998,0.27313899999999997,10.422,-0.408,8.649600548629769,9.806779734757043,-0.22371462963924715,10.002518070796906,-0.11444680591203127,-0.1603211081376692
66,376340,133.01256,1.423829,10.409,0.1,8.639048446722747,9.438452065831461,-0.5212562304327855,9.996365615432355,-0.26485181506697675,-0.17593610853968045
67,209414,133.20973,0.157972,8.966000000000001,-0.7879999999999999,8.18879791644666,-999.0,-999.0,-999.0,-999.0,-0.7871881758463051
68,323855,133.4197,1.563507,10.600999999999999,0.124,8.639217686174375,9.39444141739226,-0.3397423516838954,9.992527713419364,-0.13947457739352806,-0.1756856679991614
69,600026,133.4852,0.215565,10.43,0.183,8.611400928298293,9.194522391308636,-0.4156502302160938,9.990913140711877,-0.487058815214157,-0.21684890630418607
70,600030,133.49452,0.350042,10.241,0.11599999999999999,8.709651791296753,9.255582980121662,-0.6086414544887395,10.000955843340872,-0.3505918493582493,-0.07145727923906442
71,301346,133.52458000000001,1.191859,10.335999999999999,0.48100000000000004,8.643309646681129,9.112082604071148,-0.4248988119224949,9.998589096789171,-0.4824239569692814,-0.16963038484126614
72,215292,133.53548,0.498567,10.214,0.142,8.620070130920864,9.455766850328619,-0.3919022947785885,9.997005582718007,-0.379042835778476,-0.20402022026330613
73,301382,133.61641,1.196951,10.284,0.9009999999999999,8.669463790114634,8.644581364450628,-0.5564539248627387,9.993793996224984,-0.2818299034143311,-0.13092748338836557
74,301381,133.6175,1.202033,10.684000000000001,0.747,8.718737074427935,8.998821414317216,-0.4969326779999292,9.99581964814734,-0.4491235716844392,-0.05801287726154314
75,215335,133.64389,0.48503999999999997,10.189,0.48200000000000004,8.63600623379683,9.2374981181327,-0.2283190927546445,9.996764505387972,-0.2859083996411529,-0.1804379752274503
76,376478,133.64998,1.434988,10.517999999999999,0.142,8.665413482002174,9.458385734843331,-0.520979585900497,9.99681953174052,-0.5972421947058467,-0.13692112933318334
77,386722,133.66016000000002,2.320986,10.42,-0.053,8.694503261005805,-999.0,-999.0,-999.0,-999.0,-0.09387407436361173
78,278812,133.78093,0.811588,9.654,-0.163,8.421411999339798,9.14854871581726,-0.686513364499151,9.996043472497936,-0.9543313102244384,-0.4979945233769687
79,278840,133.95946999999998,0.8311459999999999,10.492,-0.015,8.649923098665369,9.236992250107852,-0.11974292346511925,9.979465998781123,-0.0892567545677708,-0.15984379859498787
80,376587,134.29868000000002,1.409726,10.19,-0.331,8.802194928812183,-999.0,-999.0,-999.0,-999.0,0.06548805565626736
81,386892,134.4289,2.3616040000000003,10.924000000000001,-0.262,8.95767035406194,9.618142880879768,-0.2606591371962857,9.999496937256927,-0.16148945387684802,0.2955605899408571
82,572402,134.44716,-0.199961,10.648,0.29,8.668538662817966,9.26071196780931,-0.29726403057158624,9.990658226706595,-0.16713706941417206,-0.13229648676197492
83,574200,134.52338,-0.021146,9.561,-0.155,8.482806454862269,9.245932209048283,-0.7541746781231308,9.98908038045092,-0.835529809234688,-0.4071430080948151
84,209701,134.52487,0.146226,10.91,0.013000000000000001,8.808491200271323,9.819190374328748,-0.09153783153073572,10.001959488572894,0.05866330229117839,0.07480527816150406
85,209697,134.57715,0.156175,10.536,0.039,8.700089015522092,9.474471624771526,-0.2253146769983613,9.995577599332684,-0.15126806681780935,-0.0856082748304079
86,622694,134.61917,0.637113,11.03,0.336,8.735981131132794,9.579228446006884,-0.15698049596888053,9.99932015596294,-0.0015984940919945467,-0.03249512214969208
87,209743,134.67676,0.191433,10.306,0.162,8.615118744792246,-999.0,-999.0,-999.0,-999.0,-0.211347281456435
88,423270,134.71348999999998,2.913047,10.807,0.28600000000000003,8.744472225486183,9.603654349705998,-0.22192188983516145,9.998897052983619,-0.1942258846634608,-0.01993000072554807
89,324179,134.76492,1.628239,8.976,-0.006999999999999999,8.111115553920238,9.191150152785687,-1.1704682908952229,10.001600537719108,-0.6884075689623192,-0.8653288643116337
90,600312,134.81541,0.391642,8.93,-0.894,8.19803437929446,9.077570545882326,-1.0876106324924812,9.984544855044224,-1.1387225674431691,-0.7778972178677019
91,622744,134.82996,0.797764,9.133,-0.611,8.245379192294859,9.065000676663189,-1.072905322529423,9.986518937151411,-1.1410769363140634,-0.7302730704706022
92,346718,134.86958,2.061569,9.519,0.196,8.168258644060296,8.847933287250353,-1.1082929800786063,9.96539440361229,-1.0283114007077836,-0.8078486299397483
93,209807,135.02106,0.079666,10.937000000000001,0.486,8.800307286470813,9.313648116978149,-0.07032860439579572,9.995302491196373,0.08427392741203663,0.06269472251950958
94,346793,135.04776,2.077824,10.55,0.315,8.624589954301536,9.523463803569607,-0.4802984109979351,9.999181646033449,-0.5379711355188702,-0.19733178562458775
95,550328,135.16742,-0.486753,10.72,0.16399999999999998,8.826346709083325,9.656335116834203,-0.13883832497005347,10.000218309216198,0.03446158013551637,0.10122786010150264
96,372320,135.21266,1.161091,9.116,-0.78,8.253130827026357,9.057328998981305,-1.1202493059998664,9.975517780624088,-1.0621550878097143,-0.7224757010941865
97,346861,135.29645,2.078198,9.744,-0.192,8.501616927928755,-999.0,-999.0,-999.0,-999.0,-0.3793072700510294
98,346892,135.39831999999998,2.1682639999999997,10.588,0.37200000000000005,8.636084203792711,9.374836226700856,-0.3936026533960956,9.998907569519737,-0.37800890325964653,-0.18032259522754757
99,382152,135.42424,1.852154,10.462,-0.177,8.633536252323069,9.734436292242405,-0.4798099379602562,10.0009261872201,-0.5163172202092693,-0.18409305381232421
100,372374,135.47794,1.1719629999999999,9.305,-0.764,8.280351543281258,9.085120461129296,-0.9964743869479256,9.9805659241707,-0.978368437736048,-0.7067357862523949
101,301885,135.53947,1.226051,10.859000000000002,0.45399999999999996,8.603250694943476,9.395792753756595,-0.3172509042409175,9.989787069786864,-0.2891765285433112,-0.22890962162264472
102,279148,135.7461,0.8310059999999999,9.533,-0.8220000000000001,8.63566275088067,9.315641267939924,-0.4487509806905099,9.985191623091305,-0.4723736914026382,-0.18094626124678648
103,279160,135.78087,0.858218,8.187999999999999,-1.59,7.946946627116058,-999.0,-999.0,-999.0,-999.0,-1.0304663877839575
104,376990,136.00426000000002,1.4580870000000001,10.854000000000001,0.615,8.971599991174816,9.054625052132208,-0.4576311924441385,9.988616321111666,-0.5615703257957319,0.3161736669404931
105,574572,136.33633,-0.036997,8.706,-0.7929999999999999,8.168794395052513,9.072097453460758,-0.9787922749414132,9.991302825669942,-1.070693465620301,-0.8073097180166773
106,574617,136.43828,-0.19325499999999998,10.323,0.652,8.66585346067881,9.125918815299976,-0.6191563520028301,9.972479268764802,-0.5423905836496797,-0.13627004888749994
107,204096,136.52107,-0.260374,10.109,-0.177,8.570751744210586,9.349212547772376,-0.4031979919072931,9.995154030699872,-0.4173260088817933,-0.277001568917175
108,574692,136.73747,-0.12355,9.2,-0.515,8.354235016769099,8.797354352448691,-0.8504490107062123,9.983473785616184,-1.144893854009941,-0.5974030221850875
109,347263,136.99176,2.270546,9.583,-0.47200000000000003,8.465356158393407,9.500419431045009,-0.7389874148384427,9.994568387787462,-0.8728021605835323,-0.43296595680943817
110,623144,137.29793999999998,0.835441,10.640999999999998,0.193,8.620775514870356,9.561402684216429,-0.28830770857306104,9.996221801557427,-0.10793631968822033,-0.20297639309484694
111,623161,137.33518999999998,0.738747,10.42,-0.152,8.683305191149566,9.58225176623049,-0.21870502051046467,9.998417656112816,-0.14467454914555716,-0.11044497813687215
112,197843,137.34976,-0.639155,9.283,-0.715,8.272509314758688,-999.0,-999.0,-999.0,-999.0,-0.7183407160200943
113,550780,137.42006999999998,-0.46622700000000006,10.777000000000001,0.498,8.682768155957033,9.473856300564355,-0.2068206679228204,9.991938380273716,-0.1552794698263839,-0.11123968281478369
114,324865,137.43954,1.7940880000000001,8.67,-1.3230000000000002,7.910367300122582,-999.0,-999.0,-999.0,-999.0,-1.067261532806695
115,197866,137.44617,-0.651822,10.380999999999998,0.386,8.686845111043484,9.433391288669233,-0.3314091432377279,9.998298748685439,-0.3444229914347394,-0.10520660467785348
116,418725,137.49655,2.733478,10.372,0.17,8.729995220147272,9.3514123950458,-0.2805904041423601,9.986386720806086,-0.008059457102039726,-0.04135307322606785
117,382631,137.71356,2.0218849999999997,10.237,0.051,8.656282974739096,-999.0,-999.0,-999.0,-999.0,-0.15043245398108773
118,377562,138.01105,1.64914,10.767999999999999,-0.31,8.838032584705832,9.601223380800723,-0.19258020085285205,9.991509720731992,-0.08474612718323397,0.11852061884768972
119,623272,138.03333999999998,0.784899,10.309000000000001,0.505,8.730064821960696,9.283418382051329,-0.14656284724686292,9.994991526159179,0.012410108090940777,-0.04125007646256407
120,600974,138.11826000000002,0.246288,10.136000000000001,0.456,8.546562108171372,8.876585135429345,-0.42899260020014623,9.98389487431899,-0.6140115707966812,-0.3127973923280045
121,600977,138.15123,0.30950300000000003,10.870999999999999,0.456,8.687651877188053,9.660167348254383,-0.20816197685485432,9.997449250306381,-0.03977269882985967,-0.10401275213711969
122,623366,138.5471,0.81821,10.522,0.40399999999999997,8.638958702090974,9.434077237829833,-0.3141631766573041,9.997592595314226,-0.1829369344719648,-0.17606891264577662
123,210611,138.91733,0.185565,10.61,0.251,8.688498358051731,-999.0,-999.0,-999.0,-999.0,-0.10276012975504933
124,623432,139.05733,0.700654,10.770999999999999,0.35700000000000004,8.720488282403808,9.474018313960908,-0.3022504639722677,9.986374578833832,-0.25426156938728395,-0.055421439698845276
125,210660,139.17575,0.205562,10.073,-0.322,8.764486971276268,9.423452553207664,-0.3959333105454813,9.98176591637629,-0.2529264225707452,0.009687820094621102
126,216670,139.20848,0.572715,10.544,-0.066,8.708905237448155,9.661251456397464,-0.4385634369206763,9.998089789023119,-0.4257622198345111,-0.07256202962422087
127,218681,139.25055,0.844073,10.051,-0.032,8.599239400154907,9.283795155809502,-0.5842894289048842,9.997701249026864,-0.5603046905972305,-0.23484553565076816
128,551192,139.33882,-0.45421300000000003,8.756,-0.955,8.334750028591744,9.094385861015567,-0.8206429993672966,9.986689293505897,-1.1336599483348964,-0.6262369076899379
129,601323,139.34146,0.321915,10.939,0.626,8.71066004313882,9.547893508640614,-0.32003019098722224,10.001028422641028,-0.1641449691591167,-0.06996526816317505
130,551202,139.37082,-0.620585,10.22,0.17600000000000002,8.633522376638348,9.164978201865884,-0.467430060922596,9.9862649105966,-0.6691346726904982,-0.18411358705057346
131,204799,139.46169,-0.278479,10.782,0.255,8.6960116561799,9.45254956828922,-0.3626294278463541,9.988810228083024,-0.2938432263715717,-0.0916419511849842
132,601395,139.56851,0.385033,8.804,-0.8220000000000001,8.436565303976026,-999.0,-999.0,-999.0,-999.0,-0.4755706631762777
133,302846,139.64139,1.343759,9.931000000000001,-0.436,8.635189067841129,9.389360306234543,-0.2489636484646392,9.985690791867725,-0.305248767537037,-0.18164721740869894
134,419299,139.72273,2.794275,9.676,-0.19399999999999998,8.394182902364776,9.164461912815527,-0.7602267987149286,9.991122861294915,-1.119973287738538,-0.5382881410806064
135,204876,139.88435,-0.41007,9.343,-0.478,8.31561353880795,-999.0,-999.0,-999.0,-999.0,-0.6545550852719959
136,551332,139.89952,-0.451876,10.122,0.303,8.666807429094057,9.311448167139917,-0.4904743379002872,9.995697039796534,-0.23740823763348715,-0.13485836642661653
137,218713,140.01001000000002,0.8442069999999999,10.062999999999999,0.008,8.683981053347749,-999.0,-999.0,-999.0,-999.0,-0.10944483725600307
138,348048,140.09045,2.30743,10.356,0.5529999999999999,8.70972242820825,-999.0,-999.0,-999.0,-999.0,-0.0713527507374323
139,388476,140.24065,2.534354,10.610999999999999,-0.606,8.723796375952263,9.740905994308774,-0.07028961683347297,9.998460105951072,0.0698815590282819,-0.05052612286584157
140,514212,140.43013,2.690861,9.636000000000001,-0.154,8.623866188191371,8.86760947641132,-0.6996825200573602,9.992259237733156,-0.4294059122457341,-0.19840281471440946
141,419549,140.4825,2.769657,10.539000000000001,0.18,8.645445578334366,-999.0,-999.0,-999.0,-999.0,-0.16646963318080665
142,383259,140.67041,2.111543,10.738,1.07,8.706424109769209,9.171285871201805,-0.3642884781410081,9.994839099552724,-0.1639561176569609,-0.07623360236352461
143,383283,140.8051,2.060102,9.248,-0.9590000000000001,8.54378206488196,9.336906947227382,-0.6979580746900881,9.9908462888596,-0.9781394113927859,-0.3169113003876767
144,383318,140.95009,2.112748,10.115,0.024,8.566266015353436,8.93507733278926,-0.6556118784223441,9.97660724112691,-0.6254304043313874,-0.283639550479986
145,198817,140.97499,-0.6826270000000001,10.413,0.27899999999999997,8.657369728382946,9.537521373866689,-0.5671473397925374,9.998400647509762,-0.37083060624715497,-0.14882427593891734
146,325536,140.98396,1.834424,10.655999999999999,0.239,8.749045507313307,9.599446303515952,-0.4319091048796573,9.999965960798443,-0.3744924475009557,-0.013162458277768962
147,136238,174.23138,-1.749089,10.954,-0.16399999999999998,8.793722359385036,9.911622983929961,-0.3261950406882899,10.004465080880363,-0.19921081323288034,0.05295034741797622
148,396607,174.34763,1.5616459999999999,10.482999999999999,-0.11900000000000001,8.72515068035692,9.609865217603996,-0.2431285168416424,10.000105405003794,-0.1533101378959326,-0.0485220232078305
149,534654,174.35287,-0.963817,10.376,0.131,8.603907083848583,9.356363153262912,-0.344448375497624,9.991363741175524,-0.4062711689390258,-0.22793829732086834
150,287692,174.50647,1.702482,11.353,-0.062,8.776460711666791,9.820940562301127,-0.14177742780559469,9.997711927442415,0.012075579555245913,0.02740656112451667
151,30346,174.63866000000002,-1.184491,10.640999999999998,0.369,8.678286904744818,9.363736370656005,-0.26292199353481416,9.989441742731744,-0.07745119485352389,-0.11787103835862034
152,583427,174.76387,-0.20600100000000002,10.725999999999999,-1.179,8.832336916677127,9.765712164027674,-0.2554705892264437,9.995179408994103,-0.05822504759381225,0.11009216929881127
153,176955,174.94288999999998,-1.8752650000000002,10.908,0.615,8.62924325189999,9.33823598906064,-0.195830838662682,9.994045684497,-0.031743165131161516,-0.19044583583839625
154,534753,175.02585,-0.901415,10.526,0.33299999999999996,8.627905390327452,9.205010520662805,-0.427687481501178,9.986693731761632,-0.355539356697198,-0.19242560339343662
155,53770,175.05515,-0.411725,9.179,-0.013000000000000001,8.294190413276041,8.772205777226766,-1.248694815845785,10.000269358111249,-0.7349305748230242,-0.6862570264341148
156,184122,175.05661,-1.547968,10.764000000000001,-0.22899999999999998,8.894811104821189,9.812415463548376,-0.05397784921779584,10.000266013814409,0.03852293231760918,0.20254147291439395
157,53809,175.11900000000003,-0.39364,9.074,-0.662,8.264083080016048,9.14659316434441,-0.9987320162441162,9.99103725632575,-0.8676848435168043,-0.7308098581922522
158,287827,175.20726000000002,1.758834,9.95,-1.181,8.755171648879744,-999.0,-999.0,-999.0,-999.0,-0.0040969939877566475
159,287824,175.26503,1.7254939999999999,10.7,0.737,8.66173159102997,9.171320182196693,-0.12826213058048566,9.992432425005063,0.06495500599595692,-0.14236959159385165
160,559061,175.3408,-0.456766,9.595,-0.369,8.52900984323691,9.137420096312956,-0.6351221040628636,9.993203667438793,-0.6059850901029165,-0.3387712339780222
161,177081,175.53937,-1.909052,8.599,-0.753,8.131199671647396,8.618693839069817,-1.0690936722007496,9.977593286299859,-1.1329504748724801,-0.8451262502898853
162,609433,175.68713,0.282263,8.815,-1.1540000000000001,8.116716783755484,9.350844928826737,-1.1010063031418802,9.981184371492445,-1.1550314299595208,-0.8596945872203587
163,69620,175.72473,0.161888,9.264,-0.381,8.252635143445026,9.023956791836293,-1.0459957462113865,9.986640672155104,-0.7435535327448091,-0.7229743092086487
164,583637,175.82494,-0.18161,10.167,0.07400000000000001,8.57885983107891,9.317966402555957,-0.3398753895551456,9.992706679638797,-0.3487385139410968,-0.2650032219694296
165,136688,175.9122,-1.646941,10.456,0.596,8.717574885327254,8.993918593247304,-0.37514345317317305,9.993830136856243,-0.22435950768762916,-0.05973268469272952
166,84107,175.99843,0.42801300000000003,9.737,0.047,8.378179509222354,9.006426654026749,-0.7241897244303653,9.988609738545051,-1.0345801442427391,-0.5619699622527605
167,7206,176.1641,0.7495689999999999,10.655999999999999,0.49,8.680966888598359,9.426531340695961,-0.34215689265314075,9.988392028504867,-0.17366487569405156,-0.11390519825214973
168,184368,176.2103,-1.601322,10.969000000000001,0.565,8.663310939846223,9.344689893114149,-0.20939303206426071,9.99059189916399,-0.1353657482981701,-0.1400324712155605
169,609571,176.24826000000002,0.337196,9.619,-0.461,8.333060553160937,9.200426670375524,-0.9987769987815908,9.996457004858744,-0.9657900048595596,-0.6287369934324456
170,184415,176.34198,-1.565207,9.662,-0.32899999999999996,8.50032448621655,9.142344317371172,-0.7878591746509149,9.9929090194772,-0.9329632156273892,-0.3812198252967498
171,69752,176.39836,0.019048,10.582,0.183,8.79218287742201,9.301610176192822,-0.21906568262003215,9.982824016121574,-0.05284726248247558,0.05067222200908894
172,559300,176.53218,-0.45798999999999995,8.378,-1.3259999999999998,8.13153506195729,-999.0,-999.0,-999.0,-999.0,-0.8447888811771609
173,39365,176.6795,-0.678339,9.141,-0.9470000000000001,8.396480939617478,-999.0,-999.0,-999.0,-999.0,-0.5348875055540567
174,54198,177.1568,-0.234064,10.802,-0.456,8.746687735511887,9.634524293393092,-0.3203886899406924,9.997848845011953,-0.28968463983173603,-0.016651488989509744
175,30890,177.25797,-1.1025969999999998,9.84,-0.505,8.529551807016997,9.236852474343463,-0.6016585062680395,9.990747390503893,-0.7655229409812976,-0.3379692359762494
176,143735,177.28134,-1.366524,11.123,0.504,8.745910478549657,9.619036879450864,0.006209705211997527,9.99400021036494,0.11906970422001675,-0.01780167384221798
177,143814,177.65143,-1.409589,9.47,-0.33299999999999996,8.262892278818294,8.935848590919406,-1.1687753827164096,9.997059754529822,-1.1598670607112904,-0.7325720058046894
178,535387,177.65913,-0.890732,10.4,0.196,8.71415692212513,9.466338580649218,-0.46164623613257705,10.002366625719707,-0.3408991411721857,-0.06479058663923531
179,54359,177.743,-0.36795,10.386,0.26899999999999996,8.612932367905035,9.331238624508329,-0.26633090918709923,9.997300003110484,-0.2009741464126758,-0.21458268197413055
180,609912,177.769,0.248352,10.437000000000001,-0.051,8.705901787752511,-999.0,-999.0,-999.0,-999.0,-0.07700653448383399
181,584013,177.87898,-0.07775900000000001,10.398,0.8340000000000001,8.684937391441801,9.183386414656258,-0.5634838496140333,9.994014305085646,-0.6091191653249114,-0.10802964814442362
182,609948,178.00212,0.284958,10.99,0.081,8.733759860327432,9.674430369352226,-0.0868447786512699,9.994961249154818,0.05181058707636788,-0.03578215868746781
183,288364,178.18099999999998,1.740768,10.072000000000001,0.44799999999999995,8.502308414020881,9.406770599180339,-1.0800632529343341,9.991852879859882,-1.0235248769266436,-0.3782840089319013
184,137350,178.19075,-1.649447,8.595,-1.171,8.172545534446181,9.062478475762251,-1.0849988601057363,9.984178636018328,-1.1315811951208024,-0.803536446900587
185,143918,178.20696999999998,-1.253667,10.075,-0.821,8.656301921655015,9.361518926996887,-0.2131807962159621,9.979365527058901,-0.11783725628065925,-0.15040441633490964
186,184834,178.22266000000002,-1.449051,8.479,-1.075,7.91251815001496,-999.0,-999.0,-999.0,-999.0,-1.0650979928999522
187,31079,178.36218,-1.135679,11.085,0.272,8.841108805338894,9.693760142614027,-0.07702182043419369,9.993361007689472,0.07521730411186303,0.12307281014049565
188,610054,178.44283000000001,0.32962600000000003,10.429,-0.06,8.647533306818119,-999.0,-999.0,-999.0,-999.0,-0.1633802125705497
189,144051,178.87771999999998,-1.261411,10.076,0.336,8.689425873801326,9.256422903987332,-0.3454469893307457,9.982070490037604,-0.2431959663712888,-0.10138759194879832
190,144176,179.18251,-1.36191,9.336,-0.93,8.46875174224966,9.205907013806954,-0.7550786084199291,9.990892086730158,-0.7120211752739911,-0.4279411718189543
191,144178,179.18979,-1.293341,9.731,-0.615,8.5055340695302,9.249411433568724,-0.4847412760763682,9.99197030260763,-0.6664599007009557,-0.3735106839092115
192,22887,179.40257,1.140775,10.664000000000001,0.306,8.720886011362513,9.539137864142713,-0.15855912608457376,9.995241959586844,-0.11971454510136208,-0.054832880385754734
193,178197,179.5762,-1.958791,10.196,-0.446,8.570392631724383,9.56779240813668,-0.34733026939401784,9.993536556475108,-0.2315449546909538,-0.27753298357425926
194,144320,179.73346999999998,-1.4304290000000002,10.318,0.174,8.559498678009279,9.360447690521676,-0.3783298503756503,9.993663950623507,-0.3539281041351765,-0.29365385628187113
195,144338,179.76724,-1.393904,8.615,-1.025,8.278809850295286,9.171446370673443,-0.9409605823452664,9.992450095294396,-1.2922438241671188,-0.709017183533037
196,185282,179.79155,-1.5539610000000001,10.475,-0.12,8.589833390087787,9.587088462127024,-0.3239385673135881,10.000362769795997,-0.2100565770769512,-0.24876454934809367
197,137847,179.79836,-1.707064,8.961,-0.728,8.136232099735167,9.150478219800524,-0.9014640248082684,9.987412778160053,-1.1694761786468992,-0.8400641308763959
198,560238,179.80368,-0.523828,10.825,-0.204,8.679664900834242,9.56291006534765,-0.03936052632895471,9.99311854133787,0.10036713104999148,-0.1158318797454907
199,272543,179.85257,1.4340620000000002,10.648,0.331,8.616960310420554,9.475944813222913,-0.28335633629212537,9.996025229453751,-0.3065686771097307,-0.20862213263966467
200,137841,179.87505,-1.849091,8.908,-0.775,8.31597317338991,-999.0,-999.0,-999.0,-999.0,-0.6540228980176117
201,535974,179.9635,-0.858692,9.289,-0.226,8.246860972534964,8.781886211974994,-0.7632176370996928,9.969471463373038,-0.6641494969259749,-0.7287825477270786
202,560333,179.98442,-0.548215,9.954,-0.385,8.54542139041759,9.234489062503304,-0.6163001394143622,9.992228143561015,-0.6155377642727848,-0.31448542646005073
203,185365,180.01157,-1.614735,10.498,-0.462,8.776614482240994,9.43633467005164,-0.026637006318800917,9.987593983499325,0.04784051194847523,0.027634110820223157
204,40197,180.03406,-0.663417,9.571,-0.846,8.58824438416829,9.641453568374803,-0.5345420375775589,9.995206756117264,-0.6690542893793375,-0.2511159603077662
205,610398,180.075,0.29499899999999996,10.113999999999999,-0.19399999999999998,8.633899847787916,9.33495470092392,-0.5760209110591449,9.998277372114794,-0.5591137070542135,-0.18355500524344315
206,560407,180.1501,-0.526911,11.052999999999999,0.9690000000000001,8.74326913419681,9.444276773902915,-0.311062769276196,9.996251519846425,0.034235851578024064,-0.02171033521556076
207,144498,180.25111,-1.389465,9.95,-0.5720000000000001,8.771322290584392,9.470612370249931,-0.3387581627761493,9.993326846418393,-0.4280700836563797,0.01980272560678209
208,230560,180.34543,1.9257400000000002,9.495,-0.885,8.601553287875442,9.52858780266256,-0.7274141747096897,9.993038242482658,-0.5894590883276491,-0.2314214446019225
209,144497,180.3772,-1.436123,9.065,0.544,8.433549632652058,8.847569087919444,-1.0399778667577138,9.988896605750973,-1.28024090150054,-0.4800332536014853
210,610474,180.39355,0.347478,10.244000000000002,0.38299999999999995,8.674535630290366,9.140239490804872,-0.29581129957662416,9.988644940222613,-0.3279748553187647,-0.12342217429631752
211,31620,180.48186,-1.0692549999999998,10.589,-0.45399999999999996,8.763882936301199,9.757768920885217,-0.15691233750136227,9.996820948096698,-0.0836581030445731,0.008793969138514157
212,138047,180.69205,-1.7924060000000002,9.505,-0.47,8.477914102835728,9.032064917619934,-0.9287717050467094,9.978352768070456,-0.8399995480376096,-0.41438271062369125
213,220217,180.79253,1.580003,10.477,0.34,8.651050578842893,9.29426107840616,-0.30246230101847066,9.985473376206036,-0.12821118750326255,-0.15817535342828748
214,230714,180.97593999999998,1.891259,10.512,0.017,8.610441372614103,9.456330108650704,-0.5210316928641094,9.99346184223809,-0.5856946307034456,-0.21826885680565056
215,272822,180.99823,1.41085,10.116,0.032,8.604836597319228,9.110788039566767,-0.31426204068290026,9.99035231854565,-0.059638900481141024,-0.22656280328700795
216,289107,181.04058999999998,1.825955,9.459,-0.22899999999999998,8.58436143867562,9.06528743448084,-0.8540584996128459,9.984698304149259,-0.6867609960161171,-0.2568619430478183
217,40420,181.10962,-0.6319640000000001,9.187999999999999,-0.799,8.167635367398272,8.951486352127365,-0.9898394420873868,9.967093542740088,-1.0526202476982154,-0.8084755839340776
218,289116,181.12614,1.6840000000000002,8.72,-1.2819999999999998,8.165928088227364,-999.0,-999.0,-999.0,-999.0,-0.8101929360520952
219,585121,181.19287,-0.015378999999999999,9.574,-0.273,8.492173036621205,9.259691553881645,-0.6966469342958507,9.996147920522583,-0.9150508610967492,-0.3932823404079411
220,70777,181.38329,0.039291,8.898,-1.08,8.167557293410637,-999.0,-999.0,-999.0,-999.0,-0.8085541185582414
221,85239,181.52449,0.463863,10.625,-1.225,8.677167947289552,9.944216552936828,-0.11945633008355555,10.001852643839396,-0.03200457946484872,-0.11952687160092168
222,220439,181.63159,1.61663,9.401,-0.444,8.582314429159544,9.032879474742046,-0.8420591264813592,9.987802856658208,-0.6286472574706101,-0.25989110772970747
223,272990,181.69678000000002,1.2860610000000001,10.687000000000001,0.263,8.686985287496599,9.295234990071434,-0.05812963723581895,9.986368128508653,0.02052197384219521,-0.10499917156253424
224,144846,181.78978,-1.252576,10.191,0.133,8.569083819681639,9.174450785128672,-0.4286824790745026,9.987993396523217,-0.5596408499573321,-0.27946976363511133
225,85280,181.79707,0.432625,10.76,0.5529999999999999,8.771280313875849,9.317093015943119,-0.1723857341006643,9.992363938123177,-0.09269930634613953,0.019740608473480137
226,585226,181.85332,-0.15831800000000001,9.687000000000001,-0.48,8.413550667181681,9.205962807085603,-0.7493021848892607,9.985188194510485,-0.7790543423093128,-0.5096277227045487
227,138291,181.8579,-1.668796,9.34,0.195,8.425347752276647,8.6277365293115,-0.5134687011685084,9.979740131340671,-1.0126588045409008,-0.49217039618101843
228,185795,181.90157,-1.554137,10.252,0.385,8.570569321158972,9.260835683967539,-0.5325570834504106,9.994535839625463,-0.6853335781266782,-0.2772715185489538
229,273092,181.99997,1.395933,10.225,0.105,8.523012104421147,9.3812074002475,-0.8273943645406708,9.982822715437015,-0.6116048961046506,-0.347646687877587
230,8353,182.0165,0.6976060000000001,9.248,-0.473,8.39766392391824,8.825629124584449,-0.9905456341075825,9.999220711980966,-0.5398093876345229,-0.53313692538579
231,138381,182.0687,-1.7825369999999998,9.422,-0.35,8.585641338107708,8.946172560665802,-0.6764205697542343,9.987223768763933,-0.6631878383760076,-0.25496794786821475
232,220578,182.17816000000002,1.456356,9.289,-0.87,8.475375760823692,9.191343184465603,-0.721689475142948,9.994841474689103,-0.545776017186546,-0.4181389491331018
233,23591,182.27581999999998,1.1057629999999998,8.841000000000001,-1.0959999999999999,8.300501887951333,-999.0,-999.0,-999.0,-999.0,-0.676917306209619
234,585359,182.47118999999998,-0.016022,10.457,-0.023,8.631968105462875,9.324007570846387,-0.18614339723286727,9.986477288365986,-0.18454692503250664,-0.18641359753603837
235,561020,182.5745,-0.517893,11.023,0.26899999999999996,8.799491024598082,9.543715388844598,-0.13692383322128074,9.99436284397542,-0.00700708516588185,0.06148681820024038
236,99393,182.64713999999998,1.02875,9.674,-0.10099999999999999,8.608259734142933,9.17199642797007,-0.5391805357533556,9.991482525074717,-0.5675835852042233,-0.22149724541528748
237,585386,182.64825,-0.171495,11.083,0.201,8.655225281842716,9.52221773270123,-0.24861525570359236,9.995551463895117,-0.07205162108274035,-0.15199762792915017
238,585422,182.67625,-0.15892,10.102,0.354,8.591473476728117,8.82089408177032,-0.5926801259144149,9.98328635092597,-0.3258668827958049,-0.2463375491377331
239,85479,182.68472,0.6258779999999999,9.371,-1.011,8.48737078244617,9.57500884489628,-0.7405601133811632,9.989979491608857,-0.8653976388460615,-0.4003887161361579
240,85507,182.76408,0.624104,8.917,-1.074,8.323713890280827,9.3914477855951,-0.7186184692165075,9.99240297834725,-0.9731977919643962,-0.6425681851624336
241,610997,182.86905,0.378648,9.354,-0.721,8.378805584522404,9.352069415786518,-1.0366649336402858,9.99570389419221,-1.1188107985354043,-0.561043496023748
242,273296,182.99771,1.3500379999999998,9.623,-0.397,8.401917991708753,9.297066560813661,-0.781909923397897,9.995542583004356,-0.7342495323249472,-0.5268417558693876
243,55684,183.11338999999998,-0.29714,9.481,0.047,8.573912687659613,9.105638213775133,-0.6068945247410614,9.990870044704668,-0.8715351306455437,-0.27232400480130536
244,585561,183.36182,-0.096704,9.752,-1.599,8.612567924377833,9.528484062624203,-0.559989268746042,9.989132101073702,-0.8093247660066357,-0.2151219855056823
245,40916,183.54716000000002,-0.831571,9.967,-0.19,8.50047435218975,9.05203918853807,-0.5154431115432976,9.980779209106846,-0.6822917580257525,-0.38099805362960915
246,536994,183.60693,-0.9477450000000001,11.388,0.045,8.569895909780023,9.85849262917353,-0.1566491015851801,9.998789442492305,0.02596818508183669,-0.27826803270752265
247,8703,183.62177,0.8301139999999999,10.604000000000001,0.128,8.667908080325104,9.429361689933856,-0.11965099536986624,9.9916390211544,-0.09507399053468514,-0.13322962273491257
248,8706,183.68936000000002,0.743532,10.068,-0.086,8.66115733187243,9.288667700450796,-0.5483861429001805,9.991721291836262,-0.622999522711573,-0.14321938029518044
249,561488,183.86995,-0.49961400000000006,9.295,-0.596,8.378143889367651,9.398406692785326,-0.7370921817552311,9.993021309055742,-0.9326641642580752,-0.5620226725137503
250,273514,183.89462,1.286433,8.676,-0.701,8.110825183510011,8.53855107512681,-0.988669182665558,9.97657693897025,-0.4650125524580087,-0.8656209479072796
251,611220,183.96875,0.400696,10.727,-0.155,8.686868430643237,9.742290068494093,-0.23159827937329985,9.993532542595137,-0.08420855341539338,-0.10517209633413849
252,99742,184.01431000000002,0.9914620000000001,10.277999999999999,-0.38,8.699595347652362,9.49197060319927,-0.2573221131190617,9.995548478738137,-0.3375036784036628,-0.08633880454403453
253,24013,184.01866,1.180428,10.8,0.976,8.637080974612005,8.83956563794235,-0.4860179569303737,9.99144485185477,-0.3609142039099987,-0.17884757376915594
254,585755,184.18922,-0.103492,9.946,-0.175,8.591821028490195,9.417196597286463,-0.5538117998753168,9.990570206435196,-0.4866267275435752,-0.24582324204021155
255,56055,184.37666000000002,-0.231989,9.324,-0.486,8.538661995186112,8.815710023975653,-0.22031327646094465,9.983511044414387,-0.5409177493086328,-0.32448797952359243
256,537171,184.4415,-1.0086870000000001,9.479,-0.779,8.47221766414578,-999.0,-999.0,-999.0,-999.0,-0.42281230059707475
257,537187,184.46681,-0.9074049999999999,9.209,-0.7490000000000001,8.300765226039855,9.173752689254655,-0.936968425916404,9.982451493996164,-0.9978531222439482,-0.6765276185062223
258,290071,184.50928000000002,1.7951279999999998,9.353,-0.574,8.276488471447765,9.059072996385636,-0.8818936707053278,9.986897622990444,-1.175984375138751,-0.7124523599515982
259,537240,184.51433,-0.913057,9.59,-0.261,8.476588532324687,9.023779074438648,-0.7491475128242303,9.989212208726904,-0.9544747841349872,-0.4163442898659291
260,32362,184.53564,-1.064114,10.456,0.141,8.647578246119343,9.528595642142617,-0.4538030853471464,9.995037930221226,-0.5653067381582547,-0.16331371139259687
261,586494,185.16541999999998,-0.025817000000000003,9.663,-0.257,8.413650715362044,-999.0,-999.0,-999.0,-999.0,-0.5094796714072487
262,145583,185.32451,-1.2541280000000001,9.397,-0.696,8.370209045059507,9.392982438357745,-0.6980525577895965,9.995975509177537,-0.8644401316546758,-0.5737646551209412
263,179584,185.55598,-1.911562,10.633,0.445,8.65419141010924,9.366251223690274,-0.3645865370099123,9.999384548890989,-0.2573329013215759,-0.153527551320348
264,139123,185.79263,-1.838075,11.027999999999999,0.053,8.752843129470111,-999.0,-999.0,-999.0,-999.0,-0.007542737010130196
265,221375,185.82532,1.486861,9.878,-0.079,8.495607362613594,9.19456604406768,-0.8397306824026373,9.982211032871339,-0.7305089339672141,-0.38820022480440386
266,100192,185.92766,0.9621930000000001,9.328,-0.506,8.339581654260307,8.939004263968377,-0.9654111246532878,9.991945542619053,-0.5291921979262345,-0.619087068025598
267,62145,211.50593999999998,-0.310554,10.286,0.07200000000000001,8.609295793377091,9.23636084748199,-0.4540871261324893,9.991292239408835,-0.32709807099579835,-0.21996408496057995
268,463119,211.54915,-1.227891,10.452,0.052000000000000005,8.609905320792448,9.624419929570276,-0.6028650634728474,9.999356037685324,-0.3767883195926646,-0.21906210629133582
269,491457,211.73486,-1.594725,10.713,0.579,8.695734516948601,9.099014114684538,-0.1229286237183959,9.981595795451467,-0.03236300545223009,-0.09205206181946046
270,543498,211.80234,-1.012998,10.672,0.561,8.665440981237309,9.324436927192325,-0.270825082911056,9.996480810605018,-0.20958559774653227,-0.13688043596503086
271,28654,211.81607000000002,1.065028,9.152999999999999,-0.502,8.251115713764055,-999.0,-999.0,-999.0,-999.0,-0.7245027035247382
272,227036,211.82817000000003,1.281959,9.494,-0.001,8.288451782488487,8.910029522278991,-0.7404230249259148,9.980718705309975,-1.1635584063377136,-0.6947490522735382
273,460374,212.03543,-1.7023119999999998,10.954,0.337,8.681047334458686,9.353592810075787,-0.034196388526566764,9.992368684401466,0.11392884316615284,-0.11378615446803764
274,567545,212.10362,-0.5891390000000001,11.113,0.256,8.738661491010246,9.773175114802578,-0.15855737949480428,10.002735018846103,0.002509146389406309,-0.02852872560303865
275,14555,212.11497000000003,0.70029,9.038,-0.503,8.129946596160732,-999.0,-999.0,-999.0,-999.0,-0.8463867189219201
276,491508,212.1611,-1.4687649999999999,10.690999999999999,0.45299999999999996,8.71217518350235,9.479388906211568,-0.4171115446838117,9.999916766682313,-0.19367535743964076,-0.06772316345322338
277,227123,212.19794,1.317963,10.379000000000001,-0.405,8.698954452406282,9.730079280018632,-0.31109736717709136,10.000345849191667,-0.18185245885505932,-0.08728720132918433
278,77226,212.3728,0.14367,10.359000000000002,0.15,8.868826751473279,-999.0,-999.0,-999.0,-999.0,0.16408982683015694
279,463317,212.42643999999999,-1.256745,8.547,-1.097,8.092832100890302,-999.0,-999.0,-999.0,-999.0,-0.8837201897144453
280,567598,212.43417000000002,-0.448391,10.812999999999999,0.466,8.703209050123741,9.494927292882666,-0.18033046624420365,9.997302874368279,-0.0693500559642262,-0.08099124762688881
281,463288,212.48482,-1.240046,9.825,0.308,8.435456595347624,8.704335985871456,-0.8620570894596857,9.98534741222339,-0.6792776903742956,-0.4772113302045877
282,227176,212.5092,1.2631649999999999,9.686,-0.275,8.51211547011825,-999.0,-999.0,-999.0,-999.0,-0.36377152731901496
283,14697,212.628,0.63347,10.984000000000002,0.574,8.779366945187139,9.531900120231995,-0.051192687423802834,9.995062459824627,0.044373865582380434,0.031707205487927936
284,227223,212.67107000000001,1.339415,10.378,0.752,8.579903163982548,8.973029900910685,-0.44288792150538653,9.987181766916887,-0.41243660981295377,-0.2634592979386259
285,296638,212.67445,1.480517,10.453,0.038,8.772687818841625,9.50896144886774,-0.19898580428442594,9.988347903498452,-0.15454437709246654,0.021823434321836643
286,296639,212.67737999999997,1.408066,10.347999999999999,-0.051,8.603654598103413,9.434456377388814,-0.3697714949194689,9.999532830208656,-0.27224485730170195,-0.22831192572657066
287,463367,212.69762999999998,-1.314215,10.530999999999999,0.401,8.618929546535194,-999.0,-999.0,-999.0,-999.0,-0.20570805703722073
288,227230,212.72097999999997,1.369399,9.628,-0.488,8.555883101007467,9.131602692933903,-0.5870147794844446,9.983393717950317,-0.8682758770222074,-0.29900418712915133
289,105597,212.7404,1.035743,10.579,0.242,8.6917216822053,9.411599965648927,-0.140010603405236,9.98727388325801,-0.029594725854301108,-0.09799025467259881
290,91627,212.81851,0.489435,10.449000000000002,0.302,8.565246202456024,9.11336363434488,-0.29775746581228674,9.990276803686909,-0.3106102206283485,-0.2851486696055776
291,227264,212.82385,1.2752729999999999,10.475999999999999,-0.212,8.698593227247388,9.424935266564733,0.02131490595993232,9.986531013937835,0.08555827360823924,-0.08782174231931705
292,62435,212.84807,-0.30051,9.113999999999999,-0.66,8.248144290468296,9.301894018810913,-0.9614628345138744,9.992025189384574,-0.8181614091005025,-0.7274916582179412
293,14812,212.93002,0.720111,10.003,-0.122,8.599392714173925,9.362509871976114,-0.352098349861222,9.9938500794155,-0.3762123564451312,-0.23461866156542577
294,318936,212.94107000000002,1.947313,8.835,-0.968,8.149141771837929,9.19195508530795,-1.1281170823555997,9.99393421018589,-1.008793338168306,-0.8270782917082276
295,592421,212.97421,-0.034186,10.995,0.466,8.715596445541117,9.489105379710873,-0.2254515871240249,9.999668976685717,-0.17489782062222686,-0.06266037988825701
296,91692,213.02437,0.485349,10.572000000000001,0.032,8.670696659760113,9.5684805111003,-0.1693392511004983,9.998564413886898,-0.11677530115141944,-0.1291030828869868
297,296725,213.02888,1.517785,9.671,-0.28300000000000003,8.492813203858049,9.188495247791158,-0.8160910190522206,9.985234442505098,-1.0295873082087057,-0.3923350209308598
298,567736,213.05272999999997,-0.6127020000000001,8.621,-0.46799999999999997,7.992278854910943,8.786271493782353,-1.4128698653301008,9.987269864071557,-1.5285837908347777,-0.9848666998450835
299,543812,213.0537,-0.846366,9.399,-0.401,8.20790581734601,9.245969394594027,-0.9861337124228886,9.985636610075524,-1.2878832955616508,-0.7679675383316482
300,47460,213.06502000000003,-0.633023,10.860999999999999,0.281,8.761288217143479,9.368953180835431,-0.28628968832364804,9.992976674435932,-0.4007333787831958,0.0049543037289190295
301,47493,213.10355,-0.832024,9.755,0.245,8.473584645261628,8.716810112299685,-0.8280435476105812,9.988445132747087,-1.2418968139519515,-0.4207894419418441
302,491743,213.12767000000002,-1.4059760000000001,8.837,-0.7490000000000001,8.25119142002324,-999.0,-999.0,-999.0,-999.0,-0.7244265505986238
303,28738,213.15053999999998,1.0579020000000001,9.968,0.147,8.583241070982362,9.065161494194609,-0.4560626262213588,9.987236889524713,-0.4990566492800886,-0.2585198631603003
304,543859,213.15173,-1.0364200000000001,10.92,0.389,8.729450236023691,9.676074489196171,-0.2285344179608676,10.00146689542526,-0.0854142430776739,-0.04215954073214334
305,543860,213.15467999999998,-1.0122229999999999,10.013,0.591,8.477214714780386,8.932524823842076,-0.5985040645959789,9.990556014128641,-0.9245352957687856,-0.41541766506798616
306,296742,213.20535,1.4892299999999998,9.038,-0.75,8.171396329583798,8.745286417983634,-0.968409109664122,9.980754440086594,-1.2433637833080255,-0.8046924320716577
307,47500,213.2528,-0.8310049999999999,9.321,-0.036000000000000004,8.42889908201558,8.861505772910139,-0.7801592094898618,9.979893538804381,-1.0020729716038952,-0.48691513843334633
308,77446,213.26065,0.146376,10.679,0.384,8.653842468324838,9.340818296475957,-0.17218046649295615,9.99634476703076,-0.11884296334696508,-0.15404391537290607
309,543895,213.27233999999999,-0.8462379999999999,9.871,0.122,8.629849773006445,9.007948102388207,-0.4584317006430715,9.983147545523737,-0.3434716780128008,-0.18954830590506333
310,238125,213.3289,1.664402,9.65,-0.322,8.45060921026362,9.265541636039265,-0.83847548351842,9.995080857551077,-1.0408135781923429,-0.45478849065189664
311,77452,213.375,0.185848,9.892000000000001,-0.239,8.620117680905611,9.370916010672026,-0.4938753672942193,9.995837181559407,-0.5544709153016456,-0.20394985579587654
312,238131,213.3995,1.736274,9.097999999999999,-0.8079999999999999,8.179910494393933,9.040169400408322,-0.9189268611525458,9.992814378508047,-1.09084665020193,-0.7961280336891416
313,319057,213.44547000000003,1.9335189999999998,10.206,0.4,8.600382940076653,-999.0,-999.0,-999.0,-999.0,-0.23315332527456967
314,319064,213.47957000000002,1.8182189999999998,10.677,0.39799999999999996,8.673441905571831,9.274818040534084,-0.20765171179689298,9.994431780442014,-0.2411596371186587,-0.12504066813480463
315,62593,213.49005,-0.232776,9.316,-0.396,8.545909790631868,9.423696741472924,-0.8363457928073658,9.995055513572279,-1.1509537594440309,-0.3137626918229639
316,319139,213.55367999999999,1.836911,8.713,-1.065,8.149277843090223,-999.0,-999.0,-999.0,-999.0,-0.8269414176355454
317,543998,213.55489,-0.894395,11.113,0.182,8.767857874643418,9.672734911700463,-0.07984341939806609,9.997642159341446,0.033188339800834785,0.014676082897329579
318,47652,213.60343999999998,-0.829341,9.623,-0.031,8.469989026486315,-999.0,-999.0,-999.0,-999.0,-0.42611023860555086
319,296829,213.6546,1.465627,10.249,-0.081,8.648495448370808,9.551096396511062,-0.4069226711102726,9.998754949394119,-0.338626668659448,-0.1619564355008798
320,62718,213.67436,-0.284045,9.613999999999999,0.15,8.431770857270598,8.797145129190676,-0.5614181557949349,9.988848055159542,-1.0883652914477433,-0.4826654854109709
321,460756,213.70927000000003,-1.59707,10.221,-0.49200000000000005,8.757779763090904,9.663822191162835,-0.1458070031341655,9.996831793323913,-0.10548093876580482,-0.00023750657808108144
322,319231,213.96152999999998,1.8826080000000003,10.037,-0.191,8.78557355680539,9.250854773953595,-0.17025879004454136,9.97682754666834,-0.27977170981059696,0.04089174936061646
323,463668,214.02192999999997,-1.2603959999999998,10.982999999999999,0.972,8.731716623294025,9.139819969476733,-0.2446344880674168,9.9925068647562,-0.15765672457218932,-0.03880574084950261
324,296934,214.04425,1.54141,10.277000000000001,0.595,8.619806436992281,-999.0,-999.0,-999.0,-999.0,-0.2044104345388238
325,514029,214.13351,-1.182146,10.613,0.551,8.629226221630388,9.216625268103346,-0.29397252657095274,9.996124418699942,-0.2697549925452544,-0.19047103723135272
326,238395,214.2432,1.6404299999999998,9.78,0.248,8.494714720276303,8.923589521521471,-0.8253491124337211,9.981281640686788,-1.0585356883881183,-0.38952115693512823
327,511456,214.25258,-1.276792,10.439,0.151,8.706273574282939,-999.0,-999.0,-999.0,-999.0,-0.07645636477610829
328,91924,214.25699,0.47706899999999997,10.905,0.27399999999999997,8.759052730235293,9.557584026203829,-0.26954849665541314,9.998487796845305,-0.26658635130727865,0.0016462302021853503
329,592835,214.25931,-0.163617,10.453,0.44799999999999995,8.605156358651582,9.15273417027758,-0.4116765978155527,9.989497910889893,-0.5438246760013767,-0.22608962046738945
330,91926,214.26852000000002,0.507997,10.102,-0.956,8.858576187369193,9.648797749166366,-0.2478230830316666,9.992276534301617,-0.1987939922893626,0.1489210420689311
331,227614,214.31264,1.229366,10.332,0.272,8.80681159213724,9.551827662221763,-0.5049782105571576,9.996614513030591,-0.5023963661334939,0.07231979404468802
332,227607,214.32445,1.1562290000000002,11.119000000000002,0.34700000000000003,8.867552213597037,9.834289428326178,-0.6642312767026508,10.002504909322369,-0.2805604749341124,0.16220376568089456
333,15165,214.38117999999997,0.7716430000000001,11.280999999999999,0.14800000000000002,8.810254111652414,9.816576549931094,-0.2151766625985209,9.997977429298613,0.03636889634725075,0.07741403442324213
334,319400,214.39162000000002,1.936916,10.686,-0.055999999999999994,8.745210861476293,9.834800762327731,-0.16692679314006506,10.003782436074092,0.019497821374642888,-0.018836967187382925
335,319381,214.3917,1.8125369999999998,10.347999999999999,0.147,8.629034593982995,9.324861023157393,-0.3656196440014937,9.99289586671588,-0.4594795633589946,-0.19075460782396547
336,618116,214.40555,0.329099,10.460999999999999,0.337,8.563500764344525,-999.0,-999.0,-999.0,-999.0,-0.2877315689229736
337,250277,214.43384,1.981308,10.107999999999999,0.46399999999999997,8.511268967290968,8.782230843164298,-0.6801956110578338,9.988263384785832,-0.6516115775164415,-0.3650241822028253
338,618152,214.52287,0.227392,10.051,-0.092,8.606706036782802,9.22249317879076,-0.42592355590256537,9.998688243187553,-0.3931236885678813,-0.22379640676881074
339,106042,214.56212999999997,0.8910899999999999,10.344000000000001,0.727,8.631540837955379,8.86498293592172,-0.5827950161784682,9.983261741842282,-0.22359905927142287,-0.1870458679936302
340,106047,214.5697,0.9862540000000001,10.304,-0.37200000000000005,8.654064267385115,9.612604593157199,-0.1885072586233382,9.998070990534282,-0.19129887453378613,-0.1537156971235074
341,15220,214.61652999999998,0.750084,8.999,-0.764,8.370724849609546,8.896133415660408,-0.7760272352982882,9.986822359134178,-1.0742083259838104,-0.5730013675477945
342,77754,214.64775,0.157717,10.571,0.733,8.641803986665169,9.116346850170997,-0.3693997469073301,9.994094859830494,-0.3614067133972693,-0.171858460532885
343,618220,214.73902999999999,0.365607,10.668,-0.099,8.661403044808536,9.623975250643412,-0.21139266919264615,9.99544052355392,-0.15995427275623622,-0.14285577429233065
344,63210,215.01945,-0.314803,10.294,-0.312,8.724134886166466,9.382600222513565,-0.4746509302465207,9.998956671880242,-0.3093092316692238,-0.050025195450864146
345,592999,215.06155,-0.079376,10.43,0.24600000000000002,8.643390969102889,9.423365219627714,-0.4809696502691968,9.997270710454158,-0.5186809149142082,-0.16951004392154623
346,593117,215.549,-0.13128499999999999,10.181000000000001,0.172,8.631824393066001,9.206622530415805,-0.4395816849316913,9.994946852815486,-0.29216730714397016,-0.18662626314093167
347,227970,215.6046,1.197603,10.315999999999999,0.48700000000000004,8.551116378050008,9.198335222497748,-0.6041089805692434,9.994733777636664,-0.5107097877040542,-0.3060579837615993
348,63389,215.75062999999997,-0.254538,10.216000000000001,0.45299999999999996,8.596259075717942,8.911187966976444,-0.4113133304630749,9.990430033518026,-0.4072622743324639,-0.23925581975258936
349,238922,215.78725,1.6715810000000002,10.722999999999999,-1.429,8.569251220653982,9.87832469910896,-0.10025488008790392,9.998837550794198,0.007749079546458386,-0.2792220436762385
350,106376,215.8112,0.978339,10.485,0.56,8.515206107230696,9.158170398264529,-0.4562016564899227,9.996870721099675,-0.4047435530586598,-0.35919800252001544
351,106389,215.90105,1.007603,10.53,0.08900000000000001,8.670330507323458,-999.0,-999.0,-999.0,-999.0,-0.12964491526274813
352,228105,216.13821000000002,1.177319,11.349,0.5429999999999999,8.727158333291953,9.703829346509801,-0.2040767247690935,9.99719674451517,0.012966367588824534,-0.04555109839456861
353,37064,216.37267999999997,-1.066174,10.995,0.222,8.774148583080544,9.56801086936102,-0.1108469870171842,9.998032670977773,0.02163550075426805,0.023985073242588584
354,511867,216.38846,-1.113944,10.78,0.647,8.630989440442416,9.287945942694089,-0.3129471954143291,9.996800673674322,-0.164570325130573,-0.1878618260333127
355,492384,216.3946,-1.376118,10.562000000000001,0.45,8.686488627320426,9.319458821088675,-0.13932653628454694,9.995343790869805,-0.05640649282592604,-0.10573412929123549
356,106507,216.40846000000002,1.0126700000000002,10.376,0.39399999999999996,8.614581274736116,9.055881826777833,-0.4702343756167114,9.96937003917968,-0.3577901381730281,-0.21214262964549668
357,492414,216.50319,-1.4117959999999998,10.307,0.157,8.516965860599969,9.349793549288623,-0.6682689078034623,9.999756156798076,-0.7278898041965077,-0.3565939194841672
358,297633,216.56453,1.491492,10.525,0.581,8.656888437625431,9.065215173343516,-0.3459459927809431,9.972504319079174,-0.07404404367407351,-0.1495364900018874
359,568817,216.61775,-0.570271,11.207,0.43799999999999994,8.817886355842116,9.591615512906577,-0.5546872580694022,9.988106584364076,-0.24570452476634236,0.08870822937516287
360,106616,216.72113,0.96286,9.824,-0.025,8.419543343802456,8.976665219429337,-0.7646752129952433,9.989582557155801,-1.194597550031398,-0.5007597598411273
361,508352,216.83235,-1.673211,9.84,-0.8029999999999999,8.643974940769546,9.3172188475584,-0.3218567980830536,9.996315771191432,-0.3146258146165559,-0.1686458826492263
362,320068,216.87192000000002,1.851746,9.18,-0.614,8.317241835259871,-999.0,-999.0,-999.0,-999.0,-0.652145532182443
363,28860,216.87355,1.0558459999999998,9.527999999999999,-0.35200000000000004,8.421037234200838,-999.0,-999.0,-999.0,-999.0,-0.49854910082959947
364,63777,216.88217000000003,-0.290131,10.651,0.305,8.63805924804883,9.335420542755818,-0.33663539937077885,9.990127224709287,-0.3627501243548216,-0.17739992473734212
365,508416,216.93187999999998,-1.58702,9.74,-0.38799999999999996,8.447117455205436,9.190799445581908,-0.6922583631010992,9.9902567148794,-0.8921102450556949,-0.45995558978699513
366,106717,217.01889,1.006305,10.33,0.466,8.620322978415034,9.090693535170859,-0.3599687486389836,9.990406363669122,-0.19173096468264972,-0.20364605654143375
367,485690,217.01907000000003,-1.8317560000000002,10.255999999999998,0.10800000000000001,8.744779716554493,-999.0,-999.0,-999.0,-999.0,-0.019474975442660636
368,508412,217.04176,-1.676816,10.17,0.439,8.444659375062164,8.67707053192289,-0.5499394483939746,9.979116233339058,-0.9973092412578844,-0.46359305678300977
369,504713,217.04187000000002,-1.9416060000000002,10.717,0.6629999999999999,8.615251377247231,9.412966796380768,-0.3417075851277068,10.000618417752557,-0.2009516987294349,-0.2111510119495481
370,78425,217.06865,0.002311,10.076,0.529,8.678296024712699,8.745389846930125,-0.8566586867229742,9.994936323664287,-0.521415458845757,-0.11785754263014958
371,508480,217.18223999999998,-1.6584439999999998,9.649,-0.978,8.58484390113477,9.439127707069208,-0.3207261860884237,9.984983286426221,-0.3988841769024525,-0.25614799510076836
372,15898,217.18741,0.711484,11.075999999999999,0.42,8.741457737663275,9.643473827288195,-0.14856072165206452,10.001345293814524,-0.07064471197066396,-0.02439083980588741
373,228428,217.30669,1.071862,9.636000000000001,-0.21600000000000003,8.457790686631439,9.049855064766557,-0.5460939530241945,9.986450453527581,-0.8599516406198927,-0.444161341922797
374,228432,217.38574,1.1173819999999999,9.547,0.162,8.456022501143927,8.734954024195874,-0.6383600520793264,9.980108593548008,-0.9440258298792268,-0.4467779028072165
375,593680,217.4419,-0.152387,10.47,0.36,8.730537357385483,9.388146149201537,-0.2930550910000053,9.99193244914228,-0.1879700775670152,-0.04055081854096265
376,508568,217.44602999999998,-1.575801,10.465,-0.191,8.87683076327756,9.752627527457372,-0.1561272602103775,9.999275015496336,-0.054204847559786856,0.17593416349813218
377,239376,217.52016,1.536846,9.638,-0.508,8.392551325077891,9.061744003319905,-0.8051092682318787,9.983759672337404,-0.9155943747838036,-0.5407025491497386
378,16026,217.5345,0.703499,10.324000000000002,0.324,8.69016593179829,9.239158107720023,-0.5854001172306298,9.99500415954618,-0.3439923676700283,-0.10029245412489018
379,320254,217.53493999999998,1.689601,9.283999999999999,-0.45899999999999996,8.276804026624706,8.77849155446799,-0.7451630112066098,9.97216783434888,-1.017581783026085,-0.71198540140076
380,618935,217.55202000000003,0.33357,9.926,-0.023,8.475382844635227,8.920504062609481,-0.5451890548682683,9.98739102681397,-0.7130351205084384,-0.4181284665087919
381,92770,217.56242000000003,0.621376,9.933,-0.866,8.54518915762002,9.883202740137664,-0.5702591237160192,9.999528943965581,-0.4145394665419528,-0.31482908455389413
382,504882,217.56357999999997,-1.9322709999999998,10.249,-0.071,8.612357727298807,9.587025125131056,-0.4264740766710263,9.997608778838213,-0.3816087846174696,-0.2154330351432261
383,508593,217.56786,-1.593703,10.669,-0.14,8.695305111232496,9.655307025846733,-0.4063225395510893,9.99754212581266,-0.1547485025959915,-0.09268749639815255
384,485833,217.56866000000002,-1.756993,10.425,0.614,8.730708329673728,9.240256461067874,-0.5377768072265732,9.997664369373519,-0.4312077728232263,-0.040297813748818356
385,485834,217.57878,-1.7877009999999998,10.807,0.7070000000000001,8.657471854879088,9.173376226951737,-0.21365227503079376,9.994964845288171,-0.05962616761722363,-0.1486731491499267
386,320281,217.63635,1.853278,9.88,0.052000000000000005,8.459480900659107,8.968482307015524,-0.5420122957080062,9.976514536244887,-0.7864380081818728,-0.44166016320465395
387,618992,217.67934,0.25287600000000005,11.202,0.767,8.783611983164588,9.192275635961817,-0.34454285946656044,9.995263674111332,-0.25242277752662523,0.03798901268695687
388,228570,217.75732000000002,1.242852,10.519,-0.021,8.610419415476027,9.252987647058172,-0.3530145488896722,9.978862376871307,-0.30389706734978256,-0.21830134897857612
389,485885,217.75789,-1.7172150000000002,10.345999999999998,0.336,8.627764694629509,9.430401642623432,-0.44533205939335496,10.000625219802735,-0.3675727112012011,-0.19263380488725446
390,544958,217.76735,-0.9191010000000001,10.535,0.12300000000000001,8.675832708612303,9.374794157190466,-0.26582887047351184,9.992498167537539,-0.15551564274879673,-0.12150275779551478
391,485919,217.82585,-1.8153700000000002,10.66,0.326,8.728530595585513,9.46150869578949,-0.17180789009690936,9.990423536490992,-0.051653125408140224,-0.04352042465255934
392,512170,217.93074,-1.2388270000000001,10.75,0.013999999999999999,8.850595461348131,9.687116794605707,-0.25819744325192345,9.995712387105256,-0.2027174095995352,0.13711116370296494
393,485924,217.93076000000002,-1.826595,10.661,0.127,8.629687852636657,9.610701872921675,-0.16925352439340566,9.99689347466993,-0.035768166717510604,-0.18978791566827624
394,619095,218.03502000000003,0.41114300000000004,10.607999999999999,0.674,8.676874753050479,9.184230519188171,-0.2777564105849045,9.993585886117797,-0.15132232807925666,-0.11996074043590177
395,619097,218.04677,0.400488,10.244000000000002,-0.096,8.770493759895764,-999.0,-999.0,-999.0,-999.0,0.018576665893750288
396,64087,218.09196,-0.226708,10.398,0.519,8.694687119753915,9.146218635144852,-0.5352671479663834,9.995141154350284,-0.5118191827030276,-0.09360200018815767
397,619105,218.12682999999998,0.27469699999999997,9.801,-0.382,8.342536311396028,9.160969724175466,-0.7775252219750998,9.986696906615695,-0.9819700299856658,-0.6147147663961583
398,239560,218.20944,1.542474,10.22,0.22899999999999998,8.71900241962116,9.455929596320187,-0.3796922646676379,9.99229916390863,-0.4655273020199121,-0.05762021944460649
399,298114,218.40091,1.305895,10.385,0.5529999999999999,8.578845411308537,9.172976901240434,-0.5314929323329738,9.990589393059256,-0.7979181321552647,-0.26502456034562805
400,48740,218.4274,-0.8004859999999999,10.222999999999999,0.51,8.54125561603557,8.924466088225932,-0.2988003733111029,9.994857402324056,-0.3593264084029546,-0.3206499393905631
401,78791,218.64907999999997,0.075522,9.139,-0.486,8.413298603105025,-999.0,-999.0,-999.0,-999.0,-0.5100007271251847
402,93062,218.83217000000002,0.475728,10.272,0.45399999999999996,8.648648463995857,8.90646447758481,-0.39713328774106704,9.987635547666212,-0.253474570519424,-0.16173000297893303
403,508908,218.91786000000002,-1.49229,10.793,0.37,8.739316062435671,9.326771252187148,-0.2417283152352987,9.994104208805323,-0.21822083794390806,-0.027560090807694948
404,505316,219.2259,-1.882004,10.818,0.006,8.791579565673793,9.719322640034855,-0.053115309523729934,10.000497006043123,0.04455022196775968,0.04977944128407685
405,486275,219.29211,-1.6817970000000002,10.558,0.129,8.706334469054784,9.596153291504255,-0.2511217605645881,9.997437438647069,-0.151974784809589,-0.0763662526927309
406,486276,219.30351000000002,-1.845335,10.658,0.021,8.734919051541798,9.650245068970492,-0.18011081400104498,9.998604139536873,-0.007800765522805435,-0.03406678752844883
407,569555,219.40721000000002,-0.583695,10.477,0.7829999999999999,8.683134180151791,8.891259508844591,-0.4645384853941295,9.983555595747896,-0.2542594033673869,-0.11069804021138019
408,64646,219.56877000000003,-0.349747,10.963,0.35700000000000004,8.715309858220495,9.395171956571378,0.01521435597088491,9.990268201899518,0.10351559910664353,-0.06308447180531296
409,594313,219.67911,-0.007743000000000001,10.664000000000001,0.023,8.703028905975968,9.209162304689023,-0.1745717217911362,9.983517476102662,-0.161876041792169,-0.08125782493676326
410,107395,219.80138,0.945334,9.756,-0.281,8.560060443144005,9.344390000201884,-0.5216302442582459,9.989364267574707,-0.8030530855645175,-0.29282255623550135
411,107454,220.03722000000002,0.9075270000000001,10.052999999999999,-0.266,8.636991813241156,9.396969915495594,-0.3556307141062676,9.985521079203334,-0.35525732630142504,-0.1789795147657376
412,93354,220.1224,0.584087,10.599,0.09300000000000001,8.590422270429206,9.277672774389364,-0.17312630343657634,9.980878471393618,-0.2328090946454581,-0.24789312421886045
413,107503,220.44324,0.9204969999999999,9.667,-0.055,8.576526837168695,8.87747708220735,-0.4800390291581078,9.97025665891976,-0.4398742019579947,-0.2684555863577671
414,107509,220.57667999999998,0.8399979999999999,10.555,0.506,8.738784022282173,9.430189804102412,-0.1667269949056181,9.995728954441198,-0.1173496667180546,-0.028347403826840534
415,321035,220.74027999999998,1.7545819999999999,9.958,-1.459,8.659365814576955,9.771840017484669,-0.3852130166036647,9.994660587084526,-0.32355988831528937,-0.1458704675890239
416,229167,220.78246000000001,1.100021,10.364,-0.057,8.7410809892779,9.37317703451868,-0.24181129566968235,9.994666867361136,-0.2880086795731238,-0.024948352066562762
417,229163,220.84274,1.098116,10.619000000000002,0.55,8.782504628944606,9.29199745207227,-0.1955757548648646,9.990976665311962,-0.12783883427191078,0.03635034991222774
418,16926,220.94266000000002,0.717896,10.335,-0.226,8.802786051902464,-999.0,-999.0,-999.0,-999.0,0.06636279960526537
419,298666,221.03607000000002,1.195268,10.357999999999999,0.24100000000000002,8.56744573008658,9.241128789043806,-0.5503124287959581,9.989817810743144,-0.8811612307005204,-0.2818938086178786
420,79335,221.07642,0.043947,9.767000000000001,0.278,8.364411500664591,8.860326106958373,-0.8486841386478117,9.987943760449047,-0.6753765742714891,-0.5823438613165397
421,240227,221.25092999999998,1.4085370000000002,10.376,-0.122,8.648940491815974,9.450465913370557,-0.2223912889866445,9.99299041001375,-0.2464726109476636,-0.16129786021072157
422,486782,221.41632,-1.7186169999999998,9.443,-0.603,8.3547038484855,9.237165267950887,-0.8994316032198221,9.991601737738423,-0.9815885071190028,-0.5967092450111586
423,509516,221.65826,-1.525255,8.879,-0.965,8.194153930630844,-999.0,-999.0,-999.0,-999.0,-0.781800561178434
424,505788,221.70273999999998,-1.95865,11.122,0.47200000000000003,8.72560240267188,9.675287787674554,-0.02329599050164772,10.001540480333537,0.06267193856733924,-0.04785356452615197
425,513108,221.71563999999998,-1.14686,9.965,-0.363,8.366586537753152,-999.0,-999.0,-999.0,-999.0,-0.5791252414328856
426,545925,221.83195,-0.957512,10.337,0.324,8.499716322463136,9.222490793900073,-0.5117793326169712,9.994853344520395,-0.7061762068101024,-0.38211978601905194
427,486872,221.88823,-1.6456650000000002,10.838,0.07400000000000001,8.738133322792848,9.638411596361044,-0.09808968755256188,10.001074012841684,0.004874565954991954,-0.02931030893114439
428,570090,221.8954,-0.5157930000000001,10.649000000000001,0.17,8.648248863171036,9.616865098854012,-0.5333215515075478,9.999402971787617,-0.6083924595912842,-0.16232133227950207
429,594834,221.89588999999998,-0.122071,10.432,0.532,8.749262387944066,9.43475996104002,-0.24424566563420635,9.997486206704902,-0.1419086220498295,-0.012841518320371392
430,229335,221.9549,1.0515809999999999,9.818,-0.026000000000000002,8.454694530560975,9.220154384812098,-0.8455848714028155,9.988881423857352,-0.8790994883971422,-0.4487430336758713
431,298862,222.14821,1.354155,10.204,0.325,8.526929341764742,9.099015150018674,-0.6795622365431879,9.987051910594404,-0.9816453026160759,-0.34184996005653545
432,594906,222.36208,-0.16420099999999999,9.927999999999999,0.35200000000000004,8.648784519878634,8.835007223295259,-0.4939037743003048,9.98539155313739,-0.20632578344816355,-0.16152866748359962
433,486957,222.37247000000002,-1.775755,11.167,0.705,8.675187346685194,9.465618613972863,-0.10816749768917057,9.991236478579776,0.012664574772176869,-0.1224577643752518
434,505979,222.44775,-1.9108209999999999,9.932,-0.171,8.538483838716736,9.25279226208076,-0.4803873515526654,9.992113930994336,-0.58523694633343,-0.3247516154669743
435,79635,222.51552,0.097496,10.674000000000001,0.204,8.639874922763944,9.468235900139652,-0.19058222523851187,9.99060440170124,-0.12480747368792235,-0.17471308929391682
436,240449,222.54306,1.383477,10.356,0.603,8.579991025545015,8.895305747317352,-0.5587833243952064,9.986876429331641,-0.5294330148148135,-0.26332928039848724
437,619989,222.59966,0.348246,9.761000000000001,-0.535,8.497405314271848,9.351492956325972,-0.5719373401092192,9.989310221489061,-0.655471114042022,-0.38553961594051955
438,509726,222.637,-1.485258,9.695,0.23,8.525036090628596,8.952987840375512,-0.4740359458177342,9.981509415302144,-0.6752538693597527,-0.3446515930878036
439,570197,222.66576,-0.474958,9.892000000000001,0.231,8.545273963930766,9.029967909506894,-0.6805474408419591,9.990080413818708,-0.6378550233201863,-0.31470358817525224
440,487027,222.67911,-1.7148830000000002,9.984,0.152,8.591432097298723,8.719168520180585,-0.5506291270593461,9.986151247330355,-0.4552867705475673,-0.2463987824173497
441,298980,222.71806,1.165686,10.152999999999999,0.33799999999999997,8.620408699165276,9.221630462074476,-0.7033806580259034,9.993147585586863,-0.7505100756599834,-0.20351920697522452
442,17273,222.76295,0.683004,10.509,0.602,8.6203224062003,9.158401321493614,-0.4871109884770831,9.995615345107778,-0.3919140616162874,-0.20364690330479718
443,65384,222.84264,-0.375587,10.199,-0.606,8.694395945231777,9.703862458064659,-0.3216437757960334,10.001169584411908,-0.15545690863557773,-0.09403288024601686
444,79734,222.8661,0.00116,9.366,0.005,8.30489656573582,8.803915700099312,-0.6871671282384971,9.987002871629997,-1.190268227324406,-0.6704140620241343
445,107824,222.86983999999998,0.907751,10.36,0.006,8.761534690845206,9.435952383579426,-0.2840060050335225,9.994308170323905,-0.339158959474386,0.005319035512735937
446,17314,223.04204,0.783986,10.507,-0.621,8.82303240063658,9.66901324906152,-0.1201261443904836,9.997323700783404,-0.04270582829177842,0.09632334646200924
447,506070,223.04247,-1.872538,9.375,-0.188,8.268922625461553,9.225904195410301,-0.9664968576559556,9.995740525832057,-1.1552256604451865,-0.7236482988419954
448,65410,223.0809,-0.26920900000000003,10.185,-0.191,8.610507562338496,9.478982258860325,-0.2447510356388597,9.995713887290519,-0.13119132334759512,-0.2181709092514943
449,620098,223.20892,0.277956,9.165,-0.521,8.195793751492223,-999.0,-999.0,-999.0,-999.0,-0.7801510653739729
450,487175,223.33977000000002,-1.594947,9.822000000000001,-0.09699999999999999,8.511286525154867,9.063086692026953,-0.4789282602915391,9.992880231208677,-0.7219051931287358,-0.36499820007582784
451,595060,223.37384,-0.20843699999999998,10.54,-0.094,8.648678272749809,-999.0,-999.0,-999.0,-999.0,-0.16168589198483296
452,595088,223.4267,-0.012728,9.842,0.109,8.501796353774255,9.132485609256868,-0.5380770794097658,9.99436720589983,-0.7026045361190245,-0.37904175568485776
453,9239900827,329.01703,-7.327247,10.683,0.516,8.639394547541091,9.349845996990526,-0.39673666893171855,9.999766190687051,-0.2693459804879753,-0.17542394854869414
454,9239900659,329.035,-8.157205000000001,10.103,-0.048,8.642322771821759,9.349093888300876,-0.28597476798797616,9.994795508811519,-0.26413443728653585,-0.1710907622581619
455,9239900277,329.12064,-7.754494,10.924000000000001,0.063,8.6660308842766,9.755485844004806,-0.239018225084684,9.999955011327,-0.14903546882313715,-0.13600749744748875
456,9239900315,329.1265,-7.671990400000001,10.142000000000001,-0.021,8.610586407438706,9.255086552484675,-0.23084875876570934,9.99515348294248,-0.218140525825895,-0.21805423427220383
457,9239900237,329.17712,-7.6621118,10.290999999999999,0.447,8.671728789643737,9.049450018723904,-0.5291331369771433,9.9814743581017,-0.2460191002400387,-0.12757573708519843
458,9239900182,329.21017,-7.6864740000000005,10.758,0.284,8.717136066751209,9.57485343133289,-0.1621403367429532,9.999034732953199,-0.07849370846386078,-0.06038204842156247
459,9239900778,329.27203,-7.236432000000001,10.338,0.22899999999999998,8.57276090568333,9.11285364831473,-0.5496221623110006,9.991548060911905,-0.4787940058226235,-0.27402841176980886
460,9239900205,329.32996,-8.012773,10.991,-1.235,8.579516582905178,10.006646822461406,-0.09357443403327834,10.004727348553237,0.032458638752442745,-0.2640313606169187
461,9239900063,329.46103,-7.8705015,10.365,0.63,8.644264770401943,8.956375159974007,-0.5929394655432864,9.973773187541507,-0.4611063350004622,-0.16821699275920565
462,9239900408,329.4994,-7.4637675,11.079,0.163,8.663242751266345,9.533845203877725,-0.14495227368821842,9.994210241604216,-0.07204782107770448,-0.1401333766760633
463,9239900120,329.50237999999996,-7.889950999999999,10.710999999999999,-0.07400000000000001,8.776941867949978,9.658691292089797,-0.0894952882183693,9.997284405137863,0.006108426867271827,0.028118576192376565
464,9239900416,329.54773,-7.4743223,10.033999999999999,0.38299999999999995,8.434100665406508,8.679172127090633,-0.6887832505818734,9.98587264028713,-0.3445787492077774,-0.47921783533145046
465,9239900615,329.6095,-7.365019,10.807,0.445,8.617435696005712,9.414307288720877,-0.2980474349014403,9.994749383683587,-0.3267022828232228,-0.2079186570507474
466,9239900346,329.68872000000005,-7.879156599999999,9.578,-0.157,8.569108707066604,8.980154125471751,-0.4288951260064017,9.983382367835592,-0.5352452110138599,-0.2794329352828395
467,9239900565,329.7587,-7.526478999999999,10.211,0.342,8.62866219818547,9.17046821705023,-0.33624348414752026,9.989770094329916,-0.33093906686595026,-0.19130567912514174
468,9239900630,329.79312000000004,-8.075344,10.993,0.37,8.648889600216974,9.615421832831148,-0.24520133985103856,9.999310878612768,-0.16127510727859332,-0.16137316959892267
469,9239900803,329.84442,-7.425088000000001,10.115,0.3,8.608463776764745,9.274910254032552,-0.500692711507508,9.995751154527076,-0.6292121401725294,-0.22119530314353142
470,9239900663,329.8517,-7.578524000000001,10.677999999999999,0.313,8.672738856079407,9.519162367785794,-0.16229061984501605,9.998538497401194,-0.08456637033623197,-0.12608104077369475
471,9239900852,329.92764,-7.507941000000001,10.622,0.198,8.641178124306505,9.359718728933093,-0.13009067770236932,9.990226549171547,-0.04229858135917824,-0.1727846116512346
